target_id,record_count,latest_time
3849ff,3,1786673173
3889ff,3,1786673173
3c5434,3,1786673173
3c815e,3,1786673173
407fac,3,1786673172
424cbf,3,1786673173
440b61,2,1786673173
45b534,3,1786673173
45ce47,3,1786673173
48ea3a,3,1786673174
4b17fd,3,1786673098
4b5c1b,3,1786673172
4b5c39,3,1786673173
4b5d54,3,1786673173
4b5d62,3,1786673173
4b5d6e,3,1786673163
4d240c,3,1786673173
4d253b,3,1786673174
7c8066,3,1786673173
896175,3,1786673173
8966d5,3,1786673173
a48850,3,1786673173
a61c53,3,1786673173
ad35c8,3,1786673174
